#MappedRegions	#UnmappedRegions	FractionMapped	FractionUnmapped	GCContent	Length
52	68	49.34900460999321	3.7138227346084927	65.8626466187203	7011724
